code,scientificName,note
ALL_GAL,,no match
ARR_CAE,,no match
BOU_ARV,,no match
BOU_HOR,,no match
BRA_PAR,,no match
CER_BEN,,no match
CER_DEN,,no match
CER_GIB,,no match
COE_TEN,,no match
CRY_BIP,,no match
CRY_SCA,,no match
CRY_THE,,no match
CYP_ALB,,no match
CYP_BID,,no match
DES_OLI,,no match
DES_TIG,,no match
DES_VIO,,no match
DES_X,"Des Lowry & Kilgallen, 2014",
DET_JUB,,no match
DEUS_PAP,,no match
DEUT_X,,no match
DEU_INE,,no match
DEU_SCO,,no match
DIC_MIN,,no match
ENT_LAN,,no match
ENT_MUL,,no match
ENT_NIV,,no match
ENT_UNO,,no match
ENT_X,,no match
FODES_PAR,,no match
FOL_AGR,,no match
FOL_CAN,,no match
FOL_FIM,,no match
FOL_INO,,no match
FOL_QUA,,no match
FOL_SET,,no match
FOL_SEX,,no match
FOL_SIM,,no match
FOL_SPI,,no match
FRI_CLA,,no match
FRI_MIR,,no match
FRI_TRU,,no match
FRI_X,,no match
HET_MAJ,,no match
HET_NIT,,no match
HYP_ASS,,no match
HYP_MAN,,no match
HYP_MER,,no match
HYP_PUR,,no match
HYP_SAH,,no match
HYP_VER,,no match
HYP_X,,no match
ISA_ANG,,no match
ISA_VIR,,no match
ISODES_PRO,,no match
ISODES_TRI,,no match
ISO_MIN,,no match
ISU_ANT,,no match
ISU_PAL,,no match
ISU_PLU,,no match
ISU_PRA,,no match
ISU_X,,no match
LEP_CUR,,no match
LEP_CYA,,no match
LEP_LAN,,no match
LEP_LIG,,no match
LEP_VIO,,no match
MEGX_MIN,,no match
MES_FLO,,no match
MES_HYL,,no match
MES_ITA,,no match
MES_KRA,,no match
MES_MAC,,no match
MES_SYL,,no match
MES_X,,no match
MET_AFF,,no match
MIC_SEN,,no match
MON_GRA,,no match
MUCRO_GAR,,no match
NEA_MUS,,no match
NEE_MUR,,no match
NTUL_RAM,,no match
ONC_CRA,,no match
ORC_QUI,,no match
ORC_VIL,,no match
ORC_X,,no match
PAR_NOT,"Par McAlpine, 2001",
PROC_STU,,no match
PROT_ARM,,no match
PROT_SUB,,no match
PRO_ADM,,no match
PRO_MIN,,no match
PRO_MIT,,no match
PSE_ALB,,no match
PSE_IMM,,no match
PSE_OCT,,no match
PSE_PET,,no match
PSE_SEX,,no match
PTUL_CAL,,no match
PTUL_MAC,,no match
SCH_UNU,,no match
SEI_FER,,no match
SMIDES_ASS,,no match
SMIDES_MAL,,no match
SMIDES_PAR,,no match
SMIDES_SCH,,no match
SMIDES_SEX,,no match
SMIDES_SIG,,no match
SMINUS_AUR,,no match
SMINUS_ELE,,no match
SMINUS_NIG,,no match
SMINUS_X,,no match
SMI_MULF,,no match
SMI_MULP,,no match
SMI_VIR,,no match
SPH_PUM,,no match
STERAL_DEN,,no match
STERAL_QUA,,no match
STE_VIO,,no match
SUPRA_LAM,,no match
THA_DEB,,no match
TOM_MIN,,no match
TOM_VUL,,no match
TRI_INT,,no match
WIL_SCA,,no match
XDES_ARM,,no match
XEN_HUM,,no match
XEN_WEL,,no match
XEN_X,,no match
